timestamp_utc,Adj Close,Close,High,Low,Open,Volume
2026-07-10 13:30:00+00:00,722.4541015625,722.4541015625,724.0399780273438,719.8300170898438,720.7000122070312,6824794
2026-07-10 14:30:00+00:00,724.0509033203125,724.0509033203125,724.2899780273438,717.0,722.510009765625,5101704
2026-07-10 15:30:00+00:00,724.8400268554688,724.8400268554688,725.27001953125,720.5800170898438,724.0900268554688,3501687
2026-07-10 16:30:00+00:00,725.77001953125,725.77001953125,725.7899780273438,724.530029296875,724.8900146484375,1732918
2026-07-10 17:30:00+00:00,725.7000122070312,725.7000122070312,726.260009765625,725.1599731445312,725.7681884765625,3349243
2026-07-10 18:30:00+00:00,725.719970703125,725.719970703125,726.3900146484375,725.25,725.7100219726562,1411178
2026-07-10 19:30:00+00:00,725.530029296875,725.530029296875,726.1799926757812,725.260009765625,725.6799926757812,3081669
2026-07-13 13:30:00+00:00,717.5,717.5,718.4299926757812,712.5599975585938,717.719970703125,12566155
2026-07-13 14:30:00+00:00,717.6599731445312,717.6599731445312,718.739990234375,715.1400756835938,717.6099853515625,3093912
2026-07-13 15:30:00+00:00,714.0599975585938,714.0599975585938,718.030029296875,713.52001953125,717.6500244140625,2441565
2026-07-13 16:30:00+00:00,713.010009765625,713.010009765625,714.5499877929688,711.7000122070312,713.989990234375,3970806
2026-07-13 17:30:00+00:00,711.97998046875,711.97998046875,713.510009765625,711.7999877929688,713.02001953125,3147182
2026-07-13 18:30:00+00:00,710.6300048828125,710.6300048828125,713.2288208007812,710.3099975585938,711.9600219726562,3911498
2026-07-13 19:30:00+00:00,711.719970703125,711.719970703125,712.6699829101562,710.0999755859375,710.6599731445312,4878688
2026-07-14 13:30:00+00:00,717.1799926757812,717.1799926757812,720.2860107421875,714.3400268554688,720.1400146484375,9216195
2026-07-14 14:30:00+00:00,722.02001953125,722.02001953125,722.0850219726562,716.5380249023438,717.1300048828125,5346757
2026-07-14 15:30:00+00:00,719.510009765625,719.510009765625,722.280029296875,717.719970703125,722.0499877929688,3263786
2026-07-14 16:30:00+00:00,721.1500244140625,721.1500244140625,721.5700073242188,718.8599853515625,719.5349731445312,2211036
2026-07-14 17:30:00+00:00,721.260009765625,721.260009765625,721.85498046875,720.4099731445312,721.219970703125,1883177
2026-07-14 18:30:00+00:00,719.9500122070312,719.9500122070312,721.6500244140625,719.5250244140625,721.260009765625,2674122
2026-07-14 19:30:00+00:00,719.6799926757812,719.6799926757812,720.8394775390625,719.2899780273438,719.97998046875,2662308
2026-07-15 13:30:00+00:00,718.2150268554688,718.2150268554688,724.3499755859375,716.2059936523438,723.9400024414062,7496193
2026-07-15 14:30:00+00:00,716.2100219726562,716.2100219726562,718.530029296875,713.583984375,718.25,4921821
2026-07-15 15:30:00+00:00,711.844970703125,711.844970703125,716.5499877929688,711.0800170898438,716.1699829101562,4717671
2026-07-15 16:30:00+00:00,715.260009765625,715.260009765625,715.3300170898438,710.22998046875,711.8200073242188,4395674
2026-07-15 17:30:00+00:00,718.1694946289062,718.1694946289062,718.5900268554688,715.260009765625,715.280029296875,2845339
2026-07-15 18:30:00+00:00,716.219970703125,716.219970703125,718.4299926757812,714.9204711914062,718.1699829101562,2841636
2026-07-15 19:30:00+00:00,717.6900024414062,717.6900024414062,717.8400268554688,715.4600219726562,716.25,2844717
2026-07-16 13:30:00+00:00,712.469970703125,712.469970703125,713.594970703125,707.0,712.0,8246116
2026-07-16 14:30:00+00:00,710.594970703125,710.594970703125,713.0700073242188,708.9199829101562,712.4749755859375,3505185
2026-07-16 15:30:00+00:00,707.9600219726562,707.9600219726562,717.739990234375,707.1199951171875,710.5850219726562,4912662
2026-07-16 16:30:00+00:00,708.739990234375,708.739990234375,709.2000122070312,707.2750244140625,707.969970703125,2953381
2026-07-16 17:30:00+00:00,707.2100219726562,707.2100219726562,709.010009765625,706.0,708.7899780273438,4161579
2026-07-16 18:30:00+00:00,704.2899780273438,704.2899780273438,707.0999755859375,703.5900268554688,707.0999755859375,4935634
2026-07-16 19:30:00+00:00,706.02001953125,706.02001953125,706.4600219726562,702.6099853515625,704.2899780273438,6635170
2026-07-17 13:30:00+00:00,697.0299072265625,697.0299072265625,698.4199829101562,686.760009765625,691.6300048828125,16805444
2026-07-17 14:30:00+00:00,695.0449829101562,695.0449829101562,698.5700073242188,693.1400146484375,697.0549926757812,7720477
2026-07-17 15:30:00+00:00,699.0,699.0,700.0499877929688,694.3099975585938,695.135009765625,6816698
2026-07-17 16:30:00+00:00,702.0,702.0,702.2999877929688,698.3699951171875,698.97998046875,5128227
2026-07-17 17:30:00+00:00,697.52001953125,697.52001953125,702.1500244140625,696.77001953125,701.989990234375,4360035
2026-07-17 18:30:00+00:00,696.0900268554688,696.0900268554688,698.4199829101562,694.22998046875,697.5,4110061
2026-07-17 19:30:00+00:00,695.2999877929688,695.2999877929688,697.5,695.0800170898438,696.1199951171875,4263436
2026-07-20 13:30:00+00:00,701.89501953125,701.89501953125,705.7999877929688,698.9099731445312,702.260009765625,8713920
2026-07-20 14:30:00+00:00,701.5399780273438,701.5399780273438,702.3599853515625,698.0800170898438,701.8800048828125,3232497
2026-07-20 15:30:00+00:00,703.1873779296875,703.1873779296875,704.02001953125,700.5399780273438,701.54052734375,2929182
2026-07-20 16:30:00+00:00,700.1530151367188,700.1530151367188,703.5399780273438,699.030029296875,703.260009765625,3334011
2026-07-20 17:30:00+00:00,699.9346923828125,699.9346923828125,701.3900146484375,698.7999877929688,700.1599731445312,2021928
2026-07-20 18:30:00+00:00,697.6799926757812,697.6799926757812,699.9598999023438,696.260009765625,699.9500122070312,3411175
2026-07-20 19:30:00+00:00,695.989990234375,695.989990234375,698.5991821289062,695.510009765625,697.7100219726562,3943602
2026-07-21 13:30:00+00:00,706.22998046875,706.22998046875,707.1300048828125,702.8099975585938,706.6799926757812,7543336
2026-07-21 14:30:00+00:00,708.6900024414062,708.6900024414062,708.989990234375,705.2000122070312,706.219970703125,3527319
2026-07-21 15:30:00+00:00,708.8300170898438,708.8300170898438,709.4099731445312,707.4299926757812,708.6599731445312,2992245
2026-07-21 16:30:00+00:00,709.3150024414062,709.3150024414062,709.8800048828125,708.6300048828125,708.8499755859375,3227271
2026-07-21 17:30:00+00:00,709.1599731445312,709.1599731445312,710.0499877929688,709.030029296875,709.3300170898438,2755385
2026-07-21 18:30:00+00:00,708.3900146484375,708.3900146484375,709.8900146484375,708.3300170898438,709.1500244140625,2300871
2026-07-21 19:30:00+00:00,708.9500122070312,708.9500122070312,709.8599853515625,708.3300170898438,708.4199829101562,6703445
2026-07-22 13:30:00+00:00,706.7098999023438,706.7098999023438,708.239990234375,703.6400146484375,704.3499755859375,7808357
2026-07-22 14:30:00+00:00,709.22998046875,709.22998046875,709.6472778320312,705.5800170898438,706.6900024414062,3469678
2026-07-22 15:30:00+00:00,708.9025268554688,708.9025268554688,709.4876708984375,708.013671875,709.239990234375,1923952
2026-07-22 16:30:00+00:00,708.769775390625,708.769775390625,709.3499755859375,708.0700073242188,708.9000244140625,1390156
2026-07-22 17:30:00+00:00,707.1300048828125,707.1300048828125,709.0900268554688,706.739990234375,708.7150268554688,1463826
2026-07-22 18:30:00+00:00,707.5004272460938,707.5004272460938,707.6799926757812,706.4000244140625,707.1201171875,1681142
2026-07-22 19:30:00+00:00,705.27001953125,705.27001953125,707.530029296875,705.1900024414062,707.5,2698683
2026-07-23 13:30:00+00:00,695.1400146484375,695.1400146484375,698.6599731445312,693.2100219726562,694.6400146484375,10898377
2026-07-23 14:30:00+00:00,688.6300048828125,688.6300048828125,695.989990234375,688.155029296875,695.0150146484375,7371596
2026-07-23 15:30:00+00:00,694.4199829101562,694.4199829101562,694.5900268554688,687.7999877929688,688.6300048828125,5335308
2026-07-23 16:30:00+00:00,693.139892578125,693.139892578125,695.1500244140625,691.4915771484375,694.3900146484375,3268953
2026-07-23 17:30:00+00:00,691.1699829101562,691.1699829101562,693.1300048828125,690.40380859375,693.0,2950937
2026-07-23 18:30:00+00:00,691.280029296875,691.280029296875,691.8499755859375,689.3499755859375,691.1400146484375,3060585
2026-07-23 19:30:00+00:00,691.9199829101562,691.9199829101562,692.4299926757812,688.9299926757812,691.3300170898438,4713913
2026-07-24 13:30:00+00:00,686.8800048828125,686.8800048828125,692.4500122070312,684.8599853515625,690.25,10414681
2026-07-24 14:30:00+00:00,689.4974975585938,689.4974975585938,690.8499755859375,683.5460205078125,686.9063720703125,6146095
2026-07-24 15:30:00+00:00,691.1129760742188,691.1129760742188,692.6300048828125,689.1199951171875,689.5,3626486
2026-07-24 16:30:00+00:00,689.7899780273438,689.7899780273438,691.1099853515625,687.7000122070312,691.030029296875,3373554
2026-07-24 17:30:00+00:00,685.4849853515625,685.4849853515625,690.5062866210938,685.4500122070312,689.8099975585938,2955664
2026-07-24 18:30:00+00:00,683.469970703125,683.469970703125,685.719970703125,682.47998046875,685.5175170898438,6929053
2026-07-24 19:30:00+00:00,684.219970703125,684.219970703125,684.6599731445312,682.760009765625,683.47998046875,5696963
2026-07-27 13:30:00+00:00,679.4600219726562,679.4600219726562,692.260009765625,679.27001953125,691.719970703125,11064632
2026-07-27 14:30:00+00:00,679.1199951171875,679.1199951171875,682.1503295898438,675.9450073242188,679.4600219726562,8025442
2026-07-27 15:30:00+00:00,681.094970703125,681.094970703125,682.3400268554688,676.9099731445312,679.219970703125,4610679
2026-07-27 16:30:00+00:00,677.3900146484375,677.3900146484375,682.1300048828125,677.0800170898438,681.1099853515625,3981465
2026-07-27 17:30:00+00:00,679.3400268554688,679.3400268554688,680.2999877929688,677.3400268554688,677.3900146484375,3097307
2026-07-27 18:30:00+00:00,683.280029296875,683.280029296875,683.3699951171875,677.8499755859375,679.3599853515625,4467831
2026-07-27 19:30:00+00:00,682.0599975585938,682.0599975585938,683.5999755859375,681.1649780273438,683.3499145507812,4549408
2026-07-28 13:30:00+00:00,670.3699951171875,670.3699951171875,677.2999877929688,667.8800048828125,676.1900024414062,16945019
2026-07-28 14:30:00+00:00,676.6400146484375,676.6400146484375,677.75,669.4500122070312,670.3900146484375,8006380
2026-07-28 15:30:00+00:00,677.3046875,677.3046875,679.1300048828125,676.219970703125,676.6300048828125,5482410
2026-07-28 16:30:00+00:00,677.4000244140625,677.4000244140625,679.4000244140625,676.3300170898438,677.3590087890625,3811030
2026-07-28 17:30:00+00:00,675.64501953125,675.64501953125,678.4500122070312,675.3499755859375,677.375,3490333
2026-07-28 18:30:00+00:00,677.9099731445312,677.9099731445312,678.010009765625,675.5599975585938,675.6799926757812,3068636
2026-07-28 19:30:00+00:00,675.5,675.5,678.0599975585938,675.280029296875,677.9500122070312,5562702
2026-07-29 13:30:00+00:00,667.280029296875,667.280029296875,677.4600219726562,666.4849853515625,675.4600219726562,10341293
2026-07-29 14:30:00+00:00,666.8300170898438,666.8300170898438,669.2999877929688,665.77001953125,667.27001953125,4484021
2026-07-29 15:30:00+00:00,666.780029296875,666.780029296875,667.8099975585938,663.2999877929688,666.8800048828125,5361782
2026-07-29 16:30:00+00:00,669.1099853515625,669.1099853515625,671.510009765625,665.1500244140625,666.7000122070312,5669703
2026-07-29 17:30:00+00:00,672.1900024414062,672.1900024414062,674.9000244140625,668.5999755859375,669.22998046875,6711623
2026-07-29 18:30:00+00:00,670.77001953125,670.77001953125,680.0499877929688,669.0900268554688,672.1699829101562,9061651
2026-07-29 19:30:00+00:00,661.6300048828125,661.6300048828125,671.5679931640625,661.14501953125,670.77001953125,8951148
2026-07-30 13:30:00+00:00,683.219970703125,683.219970703125,683.6400146484375,673.2999877929688,674.6900024414062,15940089
2026-07-30 14:30:00+00:00,678.1950073242188,678.1950073242188,683.7100219726562,677.75,683.260009765625,7534082
2026-07-30 15:30:00+00:00,681.3499755859375,681.3499755859375,682.5499877929688,677.9000244140625,678.1599731445312,7908852
2026-07-30 16:30:00+00:00,681.97998046875,681.97998046875,682.89111328125,679.25,681.35498046875,7336422
2026-07-30 17:30:00+00:00,682.3300170898438,682.3300170898438,682.9199829101562,681.27001953125,682.0,4234564
2026-07-30 18:30:00+00:00,683.8400268554688,683.8400268554688,685.1199951171875,681.510009765625,682.3250122070312,6303349
2026-07-30 19:30:00+00:00,683.5999755859375,683.5999755859375,684.3499755859375,682.9000244140625,683.8200073242188,10064291
2026-07-31 13:30:00+00:00,684.2000122070312,684.2000122070312,695.77001953125,680.0512084960938,692.1199951171875,18029467
2026-07-31 14:30:00+00:00,681.77001953125,681.77001953125,686.510009765625,681.0700073242188,684.239990234375,7209068
2026-07-31 15:30:00+00:00,686.9299926757812,686.9299926757812,686.9299926757812,680.9400024414062,681.719970703125,3657729
2026-07-31 16:30:00+00:00,689.3599853515625,689.3599853515625,689.719970703125,685.6300048828125,686.9500122070312,3527804
2026-07-31 17:30:00+00:00,688.3800048828125,688.3800048828125,690.3499755859375,687.760009765625,689.3699951171875,3654902
2026-07-31 18:30:00+00:00,689.7000122070312,689.7000122070312,690.25,688.030029296875,688.5800170898438,3737502
2026-07-31 19:30:00+00:00,688.010009765625,688.010009765625,690.8800048828125,687.47998046875,689.6699829101562,4968185
2026-08-03 13:30:00+00:00,694.6199951171875,694.6199951171875,694.75,685.8200073242188,687.0,9631902
2026-08-03 14:30:00+00:00,695.9199829101562,695.9199829101562,697.6900024414062,694.219970703125,694.6699829101562,7294989
2026-08-03 15:30:00+00:00,698.489990234375,698.489990234375,698.6923828125,695.875,695.9500122070312,4085985
2026-08-03 16:30:00+00:00,699.6699829101562,699.6699829101562,699.7598266601562,697.8699951171875,698.47998046875,3639411
2026-08-03 17:30:00+00:00,699.8001098632812,699.8001098632812,701.5900268554688,699.4000244140625,699.6699829101562,5489176
2026-08-03 18:30:00+00:00,700.3599853515625,700.3599853515625,701.1099853515625,699.6099853515625,699.8400268554688,4519964
2026-08-03 19:30:00+00:00,700.0800170898438,700.0800170898438,700.9400024414062,699.27001953125,700.3800048828125,6710654
2026-08-04 13:30:00+00:00,716.0050048828125,716.0050048828125,716.219970703125,707.5900268554688,708.2050170898438,12424997
2026-08-04 14:30:00+00:00,717.989990234375,717.989990234375,718.5700073242188,715.0700073242188,716.0800170898438,8714972
2026-08-04 15:30:00+00:00,719.6500244140625,719.6500244140625,719.969970703125,717.5800170898438,717.97998046875,7241595
2026-08-04 16:30:00+00:00,722.3499755859375,722.3499755859375,722.5,719.4000244140625,719.6649780273438,7429820
2026-08-04 17:30:00+00:00,723.8298950195312,723.8298950195312,724.280029296875,721.9849853515625,722.3200073242188,6363976
2026-08-04 18:30:00+00:00,724.2943725585938,724.2943725585938,725.3800048828125,722.8699951171875,723.8400268554688,4635273
2026-08-04 19:30:00+00:00,723.6799926757812,723.6799926757812,725.6500244140625,723.0999755859375,724.2849731445312,6364445
2026-08-05 13:30:00+00:00,724.719970703125,724.719970703125,728.5399780273438,724.4000244140625,726.2249755859375,9066634
2026-08-05 14:30:00+00:00,722.0850219726562,722.0850219726562,724.7999267578125,721.02001953125,724.6699829101562,6904424
2026-08-05 15:30:00+00:00,722.6649780273438,722.6649780273438,723.3250122070312,719.489990234375,722.0800170898438,4125712
2026-08-05 16:30:00+00:00,720.77001953125,720.77001953125,722.8800048828125,720.4500122070312,722.655029296875,2185639
2026-08-05 17:30:00+00:00,721.3099975585938,721.3099975585938,721.5599975585938,720.3200073242188,720.7999877929688,1982661
2026-08-05 18:30:00+00:00,720.8887939453125,720.8887939453125,721.4099731445312,719.9400024414062,721.3200073242188,2549025
2026-08-05 19:30:00+00:00,717.219970703125,717.219970703125,721.030029296875,716.9299926757812,720.875,3469631
2026-08-06 13:30:00+00:00,716.8400268554688,716.8400268554688,718.8599853515625,708.5,710.760009765625,10766505
2026-08-06 14:30:00+00:00,717.4199829101562,717.4199829101562,719.3200073242188,715.614990234375,716.9500122070312,4242031
2026-08-06 15:30:00+00:00,714.0900268554688,714.0900268554688,717.8599243164062,713.530029296875,717.47998046875,3792227
2026-08-06 16:30:00+00:00,715.3900146484375,715.3900146484375,716.5800170898438,713.8599853515625,714.1099853515625,2497653
2026-08-06 17:30:00+00:00,716.1199951171875,716.1199951171875,716.5499877929688,714.0,715.3900146484375,2578142
2026-08-06 18:30:00+00:00,714.9000244140625,714.9000244140625,716.405029296875,714.6599731445312,716.0999755859375,3079768
2026-08-06 19:30:00+00:00,714.6199951171875,714.6199951171875,715.8099975585938,714.110107421875,714.9000244140625,3282341
2026-08-07 13:30:00+00:00,721.25,721.25,722.7100219726562,716.52001953125,720.0,9053853
2026-08-07 14:30:00+00:00,722.7999877929688,722.7999877929688,722.8599853515625,718.8300170898438,721.2680053710938,4421886
2026-08-07 15:30:00+00:00,720.0999755859375,720.0999755859375,723.4998779296875,719.5015869140625,722.7999877929688,3906401
2026-08-07 16:30:00+00:00,720.9199829101562,720.9199829101562,721.6799926757812,719.0499877929688,720.0999755859375,2419183
2026-08-07 17:30:00+00:00,719.8900146484375,719.8900146484375,721.27001953125,719.8201293945312,720.9000244140625,1760356
2026-08-07 18:30:00+00:00,722.4199829101562,722.4199829101562,722.719970703125,719.2349853515625,719.9000244140625,3564863
2026-08-07 19:30:00+00:00,723.0150146484375,723.0150146484375,723.6199951171875,721.5001831054688,722.4249877929688,3436222
2026-08-10 13:30:00+00:00,723.6699829101562,723.6699829101562,724.6699829101562,720.3400268554688,722.6500244140625,7336344
2026-08-10 14:30:00+00:00,721.6900024414062,721.6900024414062,724.52001953125,721.14501953125,723.7098999023438,3780419
2026-08-10 15:30:00+00:00,722.47998046875,722.47998046875,723.64501953125,720.8300170898438,721.6500244140625,2486021
2026-08-10 16:30:00+00:00,721.9400024414062,721.9400024414062,722.6500244140625,720.5700073242188,722.4500122070312,2764821
2026-08-10 17:30:00+00:00,720.9749755859375,720.9749755859375,722.1666259765625,720.8599853515625,721.9400024414062,1550559
2026-08-10 18:30:00+00:00,721.7999877929688,721.7999877929688,722.139892578125,720.6900024414062,720.969970703125,1551022
2026-08-10 19:30:00+00:00,720.8049926757812,720.8049926757812,722.0700073242188,720.3300170898438,721.8800048828125,4607352
2026-08-11 13:30:00+00:00,721.8300170898438,721.8300170898438,723.2999877929688,718.4010009765625,723.2999877929688,6850179
2026-08-11 14:30:00+00:00,719.989990234375,719.989990234375,722.4400024414062,719.8900146484375,721.7999877929688,3376357
2026-08-11 15:30:00+00:00,718.6300048828125,718.6300048828125,720.364990234375,718.0349731445312,720.0349731445312,2435455
2026-08-11 16:30:00+00:00,717.6599731445312,717.6599731445312,719.0700073242188,716.8699951171875,718.6099853515625,3586496
2026-08-11 17:30:00+00:00,716.1799926757812,716.1799926757812,718.469970703125,715.7899780273438,717.6680297851562,2967053
2026-08-11 18:30:00+00:00,718.0650024414062,718.0650024414062,718.1364135742188,716.0999755859375,716.1799926757812,4007748
2026-08-11 19:30:00+00:00,718.3400268554688,718.3400268554688,718.9349975585938,717.6500244140625,718.0900268554688,3980521
2026-08-12 13:30:00+00:00,725.22998046875,725.22998046875,727.25,723.6099853515625,726.969970703125,9102226
2026-08-12 14:30:00+00:00,724.22998046875,724.22998046875,725.5999755859375,723.25,725.239990234375,5301376
2026-08-12 15:30:00+00:00,724.2000122070312,724.2000122070312,724.5499877929688,722.9199829101562,724.25,2464512
2026-08-12 16:30:00+00:00,725.0800170898438,725.0800170898438,725.4299926757812,723.6699829101562,724.2294921875,2185083
2026-08-12 17:30:00+00:00,724.739990234375,724.739990234375,725.4149780273438,724.6599731445312,725.0700073242188,2211648
2026-08-12 18:30:00+00:00,724.0999755859375,724.0999755859375,725.5599975585938,723.8200073242188,724.739990234375,1817401
2026-08-12 19:30:00+00:00,723.6699829101562,723.6699829101562,724.1099243164062,723.0349731445312,724.0900268554688,4175318
2026-08-13 13:30:00+00:00,732.9600219726562,732.9600219726562,733.0399780273438,724.0399780273438,725.125,10430029
2026-08-13 14:30:00+00:00,731.9099731445312,731.9099731445312,733.7550048828125,731.7000122070312,732.9500122070312,5346685
2026-08-13 15:30:00+00:00,731.8300170898438,731.8300170898438,732.125,729.8599853515625,731.9199829101562,3394937
2026-08-13 16:30:00+00:00,733.0484008789062,733.0484008789062,733.3499755859375,731.4000854492188,731.8400268554688,1935657
2026-08-13 17:30:00+00:00,732.0,732.0,733.226318359375,731.7650146484375,733.0499877929688,2352568
2026-08-13 18:30:00+00:00,732.77001953125,732.77001953125,733.9600219726562,732.010009765625,732.010009765625,2616587
2026-08-13 19:30:00+00:00,732.0599975585938,732.0599975585938,732.864013671875,731.5499877929688,732.739990234375,2965033
2026-08-14 13:30:00+00:00,731.4600830078125,731.4600830078125,734.3900146484375,730.8400268554688,733.260009765625,5946582
2026-08-14 14:30:00+00:00,729.3201293945312,729.3201293945312,731.8400268554688,728.4199829101562,731.4721069335938,3069621
2026-08-14 15:30:00+00:00,730.0700073242188,730.0700073242188,730.2150268554688,728.3200073242188,729.3699951171875,2889901
2026-08-14 16:30:00+00:00,729.0131225585938,729.0131225585938,730.0999145507812,728.760009765625,730.0750122070312,1942631
2026-08-14 17:30:00+00:00,729.1799926757812,729.1799926757812,729.7999877929688,728.780029296875,729.030029296875,1816304
2026-08-14 18:30:00+00:00,729.8599853515625,729.8599853515625,730.0800170898438,729.0900268554688,729.22998046875,2632943
2026-08-14 19:30:00+00:00,731.0499877929688,731.0499877929688,731.1199951171875,729.760009765625,729.8599853515625,3336093
2026-08-17 13:30:00+00:00,732.4400024414062,732.4400024414062,734.030029296875,731.530029296875,732.9600219726562,6066528
2026-08-17 14:30:00+00:00,734.1799926757812,734.1799926757812,734.5800170898438,732.2000122070312,732.4500122070312,3721609
2026-08-17 15:30:00+00:00,732.7000122070312,732.7000122070312,734.280029296875,732.3699951171875,734.2000122070312,2978387
2026-08-17 16:30:00+00:00,730.0349731445312,730.0349731445312,732.8350219726562,729.9400024414062,732.7000122070312,3878631
2026-08-17 17:30:00+00:00,730.1900024414062,730.1900024414062,730.77001953125,729.64501953125,730.02001953125,2614815
2026-08-17 18:30:00+00:00,729.969970703125,729.969970703125,731.0,729.7000122070312,730.1900024414062,2504386
2026-08-17 19:30:00+00:00,729.8599243164062,729.8599243164062,730.614990234375,729.27001953125,729.9400024414062,3236305
2026-08-18 13:30:00+00:00,719.731689453125,719.731689453125,722.1300048828125,717.239990234375,720.219970703125,11529889
2026-08-18 14:30:00+00:00,717.7625732421875,717.7625732421875,720.2000122070312,715.9199829101562,719.5999755859375,8237973
2026-08-18 15:30:00+00:00,718.22998046875,718.22998046875,719.489990234375,717.1500244140625,717.7000122070312,7356272
2026-08-18 16:30:00+00:00,718.3499755859375,718.3499755859375,719.6699829101562,717.7999877929688,718.2000122070312,4517225
2026-08-18 17:30:00+00:00,718.010009765625,718.010009765625,718.469970703125,716.6900024414062,718.3400268554688,5615548
2026-08-18 18:30:00+00:00,717.9199829101562,717.9199829101562,718.260009765625,717.0800170898438,718.010009765625,3206663
2026-08-18 19:30:00+00:00,717.5900268554688,717.5900268554688,718.1699829101562,716.9199829101562,717.9199829101562,5513784
2026-08-19 13:30:00+00:00,715.1699829101562,715.1699829101562,721.4998779296875,712.6099853515625,720.4099731445312,12649547
2026-08-19 14:30:00+00:00,718.3200073242188,718.3200073242188,718.7369995117188,714.8200073242188,715.1400146484375,3935023
2026-08-19 15:30:00+00:00,718.2999877929688,718.2999877929688,719.7000122070312,716.7999877929688,718.3200073242188,3037338
2026-08-19 16:30:00+00:00,716.5399780273438,716.5399780273438,718.52001953125,715.8300170898438,718.260009765625,2603234
2026-08-19 17:30:00+00:00,716.5,716.5,717.7899780273438,715.3800048828125,716.5399780273438,3225306
2026-08-19 18:30:00+00:00,716.9304809570312,716.9304809570312,717.510009765625,716.25,716.5001220703125,2649581
2026-08-19 19:30:00+00:00,716.1099853515625,716.1099853515625,717.760009765625,715.239990234375,716.9600219726562,4913886
2026-08-20 13:30:00+00:00,712.0900268554688,712.0900268554688,714.9400024414062,711.0499877929688,712.280029296875,8887959
2026-08-20 14:30:00+00:00,711.95361328125,711.95361328125,714.625,710.8900146484375,712.0599975585938,4747376
2026-08-20 15:30:00+00:00,711.9149780273438,711.9149780273438,712.2000122070312,710.1337280273438,711.9299926757812,3886104
2026-08-20 16:30:00+00:00,710.7899780273438,710.7899780273438,713.0,710.7349853515625,711.8499755859375,2252213
2026-08-20 17:30:00+00:00,709.219970703125,709.219970703125,711.4868774414062,708.52001953125,710.7550048828125,3050688
2026-08-20 18:30:00+00:00,710.9299926757812,710.9299926757812,710.989990234375,708.719970703125,709.2000122070312,3143916
2026-08-20 19:30:00+00:00,710.9500122070312,710.9500122070312,711.6500244140625,710.4738159179688,710.9310302734375,4731848
2026-08-21 13:30:00+00:00,710.5900268554688,710.5900268554688,715.3699951171875,709.2050170898438,715.22998046875,8218251
2026-08-21 14:30:00+00:00,712.739990234375,712.739990234375,712.8499755859375,710.1635131835938,710.5999755859375,3947507
2026-08-21 15:30:00+00:00,713.77001953125,713.77001953125,715.673828125,712.6799926757812,712.780029296875,5833125
2026-08-21 16:30:00+00:00,713.4149780273438,713.4149780273438,714.1099853515625,712.969970703125,713.7794799804688,2864954
2026-08-21 17:30:00+00:00,712.655029296875,712.655029296875,713.7750244140625,712.655029296875,713.4249877929688,2292490
2026-08-21 18:30:00+00:00,713.4199829101562,713.4199829101562,713.8900146484375,712.4299926757812,712.655029296875,3363952
2026-08-21 19:30:00+00:00,713.4099731445312,713.4099731445312,714.3099975585938,712.9099731445312,713.4099731445312,3665308
2026-08-24 13:30:00+00:00,704.22998046875,704.22998046875,709.7899780273438,702.7000122070312,709.625,8839791
2026-08-24 14:30:00+00:00,706.8300170898438,706.8300170898438,707.1900024414062,703.9500122070312,704.1599731445312,5169240
2026-08-24 15:30:00+00:00,708.8403930664062,708.8403930664062,709.3358764648438,706.510009765625,706.7999877929688,4142778
2026-08-24 16:30:00+00:00,707.2349853515625,707.2349853515625,709.0250244140625,707.0911865234375,708.8494873046875,3488163
2026-08-24 17:30:00+00:00,709.1599731445312,709.1599731445312,709.280029296875,706.739990234375,707.25,3465071
2026-08-24 18:30:00+00:00,707.7150268554688,707.7150268554688,709.530029296875,707.3300170898438,709.1699829101562,3333082
2026-08-24 19:30:00+00:00,706.239990234375,706.239990234375,708.0499877929688,706.2100219726562,707.739990234375,6239938
2026-08-25 13:30:00+00:00,709.2999877929688,709.2999877929688,714.0399780273438,709.1400756835938,711.27001953125,7494218
2026-08-25 14:30:00+00:00,710.7899780273438,710.7899780273438,710.8599853515625,707.4500122070312,709.239990234375,3794864
2026-08-25 15:30:00+00:00,711.1599731445312,711.1599731445312,711.52001953125,709.469970703125,710.760009765625,2622799
2026-08-25 16:30:00+00:00,709.47998046875,709.47998046875,711.2899780273438,709.27001953125,711.1795043945312,1873484
2026-08-25 17:30:00+00:00,709.3350219726562,709.3350219726562,709.7100219726562,706.3200073242188,709.5,1451155
2026-08-25 18:30:00+00:00,709.530029296875,709.530029296875,710.6699829101562,709.2100219726562,709.3699951171875,2142736
2026-08-25 19:30:00+00:00,710.6400146484375,710.6400146484375,711.0800170898438,709.1799926757812,709.530029296875,2663502
2026-08-26 13:30:00+00:00,708.5250244140625,708.5250244140625,712.2000122070312,707.969970703125,708.5,4994389
2026-08-26 14:30:00+00:00,710.4000244140625,710.4000244140625,711.0399780273438,708.469970703125,708.489990234375,2173287
2026-08-26 15:30:00+00:00,709.2000122070312,709.2000122070312,711.2196044921875,708.7766723632812,710.3800048828125,1831761
2026-08-26 16:30:00+00:00,710.6099853515625,710.6099853515625,710.6799926757812,708.2899780273438,709.2050170898438,1622970
2026-08-26 17:30:00+00:00,710.9000244140625,710.9000244140625,711.2926025390625,710.5100708007812,710.5999755859375,1765666
2026-08-26 18:30:00+00:00,712.3099975585938,712.3099975585938,713.02001953125,710.8099975585938,710.9000244140625,2345381
2026-08-26 19:30:00+00:00,711.2999877929688,711.2999877929688,712.4500122070312,710.885009765625,712.3099975585938,2174429
2026-08-27 13:30:00+00:00,718.9349975585938,718.9349975585938,719.2692260742188,714.5250244140625,716.97998046875,7917150
2026-08-27 14:30:00+00:00,718.219970703125,718.219970703125,719.5800170898438,717.1400146484375,718.9299926757812,3015511
2026-08-27 15:30:00+00:00,718.8499755859375,718.8499755859375,719.3200073242188,716.6699829101562,718.25,2789151
2026-08-27 16:30:00+00:00,719.7650146484375,719.7650146484375,720.6199951171875,718.7899780273438,718.8862915039062,2504199
2026-08-27 17:30:00+00:00,717.3300170898438,717.3300170898438,720.1599731445312,717.0399780273438,719.7568969726562,3386290
2026-08-27 18:30:00+00:00,718.864990234375,718.864990234375,719.1199951171875,717.2999877929688,717.3099975585938,2589654
2026-08-27 19:30:00+00:00,721.0599975585938,721.0599975585938,721.3499755859375,718.7100219726562,718.8800048828125,4182410
2026-08-28 13:30:00+00:00,720.2999877929688,720.2999877929688,721.6300048828125,716.7899780273438,719.75,8127692
2026-08-28 14:30:00+00:00,723.4099731445312,723.4099731445312,724.125,719.8300170898438,720.3499755859375,4792205
2026-08-28 15:30:00+00:00,716.3099975585938,716.3099975585938,723.489990234375,715.6900024414062,723.4550170898438,5326508
2026-08-28 16:30:00+00:00,715.8900146484375,715.8900146484375,717.7899780273438,715.0850219726562,716.2899780273438,2768399
2026-08-28 17:30:00+00:00,716.2050170898438,716.2050170898438,717.2899780273438,715.6699829101562,715.8400268554688,1808937
2026-08-28 18:30:00+00:00,716.530029296875,716.530029296875,716.739990234375,715.1500244140625,716.2050170898438,3311536
2026-08-28 19:30:00+00:00,716.4500122070312,716.4500122070312,717.0800170898438,715.9349975585938,716.5349731445312,4485713
2026-08-31 13:30:00+00:00,713.6199951171875,713.6199951171875,717.0009765625,713.1599731445312,715.1199951171875,5825284
2026-08-31 14:30:00+00:00,714.7174072265625,714.7174072265625,715.3099975585938,713.3699951171875,713.5501098632812,1950187
2026-08-31 15:30:00+00:00,714.8400268554688,714.8400268554688,715.0,713.3599853515625,714.77001953125,7846468
2026-08-31 16:30:00+00:00,714.2100219726562,714.2100219726562,715.280029296875,714.1199951171875,714.8499755859375,2203579
2026-08-31 17:30:00+00:00,715.1749877929688,715.1749877929688,715.739990234375,713.989990234375,714.2000122070312,2427053
2026-08-31 18:30:00+00:00,715.3800048828125,715.3800048828125,715.52001953125,713.8491821289062,715.1699829101562,2438068
2026-08-31 19:30:00+00:00,716.8599853515625,716.8599853515625,717.5750122070312,714.9600219726562,715.3900146484375,5678055
2026-09-01 13:30:00+00:00,708.6099853515625,708.6099853515625,708.969970703125,705.6199951171875,707.4299926757812,8697065
2026-09-01 14:30:00+00:00,710.239990234375,710.239990234375,711.0900268554688,708.5700073242188,708.594970703125,4005060
2026-09-01 15:30:00+00:00,708.989990234375,708.989990234375,712.2999877929688,708.6099853515625,710.239990234375,3836190
2026-09-01 16:30:00+00:00,708.0650024414062,708.0650024414062,709.4400024414062,707.0,708.969970703125,3171869
2026-09-01 17:30:00+00:00,706.8800048828125,706.8800048828125,708.52001953125,706.6900024414062,708.0800170898438,2068254
2026-09-01 18:30:00+00:00,707.6500244140625,707.6500244140625,707.72998046875,704.6599731445312,706.8800048828125,4406630
2026-09-01 19:30:00+00:00,707.655029296875,707.655029296875,708.5499877929688,706.6699829101562,707.6599731445312,4547030
2026-09-02 13:30:00+00:00,709.2000122070312,709.2000122070312,709.3359985351562,705.1099853515625,707.1099853515625,7205168
2026-09-02 14:30:00+00:00,709.64501953125,709.64501953125,709.798828125,707.2974853515625,709.1599731445312,3296211
2026-09-02 15:30:00+00:00,708.385009765625,708.385009765625,709.7399291992188,708.0,709.6699829101562,1726428
2026-09-02 16:30:00+00:00,708.3200073242188,708.3200073242188,709.0800170898438,707.719970703125,708.3895263671875,1743864
2026-09-02 17:30:00+00:00,708.530029296875,708.530029296875,709.489990234375,707.760009765625,708.3350219726562,2597488
2026-09-02 18:30:00+00:00,708.75,708.75,708.8900146484375,707.8499755859375,708.530029296875,2658546
2026-09-02 19:30:00+00:00,709.25,709.25,709.4249877929688,708.4329223632812,708.72998046875,2558703
2026-09-03 13:30:00+00:00,713.0750122070312,713.0750122070312,713.8496704101562,709.6937866210938,710.8499755859375,8293275
2026-09-03 14:30:00+00:00,717.72998046875,717.72998046875,717.8200073242188,710.8099975585938,713.0599975585938,5142101
2026-09-03 15:30:00+00:00,716.780029296875,716.780029296875,717.864990234375,716.5999755859375,717.760009765625,3356490
2026-09-03 16:30:00+00:00,716.969970703125,716.969970703125,717.9299926757812,716.3400268554688,716.7940063476562,1547064
2026-09-03 17:30:00+00:00,718.5850219726562,718.5850219726562,718.9099731445312,716.9580078125,716.9580078125,2869446
2026-09-03 18:30:00+00:00,717.72998046875,717.72998046875,718.8400268554688,717.543701171875,718.5999755859375,2511584
2026-09-03 19:30:00+00:00,717.6099853515625,717.6099853515625,717.8800048828125,717.1400146484375,717.7150268554688,3631193
2026-09-04 13:30:00+00:00,719.5900268554688,719.5900268554688,721.8599853515625,718.5250244140625,719.3599853515625,8176048
2026-09-04 14:30:00+00:00,717.4400024414062,717.4400024414062,719.6400146484375,716.9299926757812,719.5999755859375,5623135
2026-09-04 15:30:00+00:00,718.6099853515625,718.6099853515625,718.85498046875,716.7899780273438,717.4299926757812,2795164
2026-09-04 16:30:00+00:00,717.5050048828125,717.5050048828125,719.60498046875,717.4199829101562,718.6094970703125,3963491
2026-09-04 17:30:00+00:00,717.5629272460938,717.5629272460938,717.6699829101562,716.5599975585938,717.5,3861184
2026-09-04 18:30:00+00:00,717.9500122070312,717.9500122070312,718.3599853515625,717.4299926757812,717.5999755859375,2130410
2026-09-04 19:30:00+00:00,719.0599975585938,719.0599975585938,719.4400024414062,717.7899780273438,717.9500122070312,4428347
2026-09-08 13:30:00+00:00,717.760009765625,717.760009765625,721.885986328125,715.5700073242188,720.969970703125,6746633
2026-09-08 14:30:00+00:00,720.0850219726562,720.0850219726562,720.719970703125,717.1500244140625,717.8161010742188,3801844
2026-09-08 15:30:00+00:00,719.0750122070312,719.0750122070312,720.9299926757812,718.97998046875,720.1248779296875,3340591
2026-09-08 16:30:00+00:00,720.260009765625,720.260009765625,720.8499755859375,718.6699829101562,719.0999755859375,2947950
2026-09-08 17:30:00+00:00,719.8099975585938,719.8099975585938,720.6699829101562,719.5700073242188,720.280029296875,1802159
2026-09-08 18:30:00+00:00,718.9650268554688,718.9650268554688,720.1199951171875,717.9099731445312,719.8300170898438,2821643
2026-09-08 19:30:00+00:00,718.380615234375,718.380615234375,719.010009765625,717.25,718.9650268554688,3661646
2026-09-09 13:30:00+00:00,718.2899780273438,718.2899780273438,719.7000122070312,715.489990234375,716.2899780273438,7537096
2026-09-09 14:30:00+00:00,714.7999877929688,714.7999877929688,718.9299926757812,714.02001953125,718.280029296875,4158325
2026-09-09 15:30:00+00:00,714.9600219726562,714.9600219726562,716.97998046875,714.7100219726562,714.8200073242188,3156048
2026-09-09 16:30:00+00:00,716.239990234375,716.239990234375,717.0499877929688,714.97998046875,715.010009765625,2069868
2026-09-09 17:30:00+00:00,716.2999877929688,716.2999877929688,717.0399780273438,715.7274780273438,716.260009765625,1660548
2026-09-09 18:30:00+00:00,716.276123046875,716.276123046875,716.7999877929688,715.760009765625,716.3121948242188,2619229
2026-09-09 19:30:00+00:00,716.280029296875,716.280029296875,716.3900146484375,715.530029296875,716.280029296875,3086586
2026-09-10 13:30:00+00:00,710.4099731445312,710.4099731445312,711.780029296875,706.85498046875,707.5650024414062,10048438
2026-09-10 14:30:00+00:00,711.1300048828125,711.1300048828125,712.0599975585938,710.2100219726562,710.4099731445312,4000647
2026-09-10 15:30:00+00:00,709.6400146484375,709.6400146484375,711.97998046875,709.33251953125,711.1300048828125,3293519
2026-09-10 16:30:00+00:00,710.489990234375,710.489990234375,711.8099975585938,708.6300048828125,709.635009765625,2415445
2026-09-10 17:30:00+00:00,709.2098999023438,709.2098999023438,710.5899047851562,708.969970703125,710.468017578125,2563358
2026-09-10 18:30:00+00:00,709.1799926757812,709.1799926757812,710.1799926757812,708.6699829101562,709.1699829101562,2828993
2026-09-10 19:30:00+00:00,708.6599731445312,708.6599731445312,709.4299926757812,708.280029296875,709.1599731445312,3293480
2026-09-11 13:30:00+00:00,716.4600219726562,716.4600219726562,717.0399780273438,713.9299926757812,715.4400024414062,8585904
2026-09-11 14:30:00+00:00,717.2750244140625,717.2750244140625,717.4500122070312,713.6500244140625,716.5,4294650
2026-09-11 15:30:00+00:00,715.25,715.25,717.6199951171875,715.1799926757812,717.27001953125,1995286
2026-09-11 16:30:00+00:00,716.7650146484375,716.7650146484375,717.1300048828125,715.0499877929688,715.2763061523438,1749186
2026-09-11 17:30:00+00:00,716.2849731445312,716.2849731445312,717.0900268554688,715.719970703125,716.719970703125,2300658
2026-09-11 18:30:00+00:00,715.60498046875,715.60498046875,716.6699829101562,715.3922729492188,716.280029296875,1533335
2026-09-11 19:30:00+00:00,714.8499755859375,714.8499755859375,715.905029296875,714.739990234375,715.5900268554688,4002035
2026-09-14 13:30:00+00:00,705.780029296875,705.780029296875,707.7698974609375,702.75,703.2899780273438,11244478
2026-09-14 14:30:00+00:00,707.5499877929688,707.5499877929688,707.760009765625,704.590087890625,705.7924194335938,3520386
2026-09-14 15:30:00+00:00,710.2999877929688,710.2999877929688,711.1199951171875,707.3800048828125,707.530029296875,4384215
2026-09-14 16:30:00+00:00,712.3480224609375,712.3480224609375,712.3499755859375,710.0499877929688,710.1900024414062,2634102
2026-09-14 17:30:00+00:00,711.9099731445312,711.9099731445312,712.9500122070312,711.81201171875,712.3499755859375,1966683
2026-09-14 18:30:00+00:00,711.0349731445312,711.0349731445312,712.4199829101562,710.85498046875,711.9500122070312,2278795
2026-09-14 19:30:00+00:00,709.1599731445312,709.1599731445312,711.1799926757812,709.0900268554688,711.030029296875,6587613
2026-09-15 13:30:00+00:00,706.5549926757812,706.5549926757812,709.5299072265625,705.9500122070312,708.760009765625,6128108
2026-09-15 14:30:00+00:00,705.6594848632812,705.6594848632812,706.72998046875,703.906005859375,706.5499877929688,3894179
2026-09-15 15:30:00+00:00,705.510009765625,705.510009765625,706.02001953125,704.4600219726562,705.6599731445312,2327220
2026-09-15 16:30:00+00:00,704.7999877929688,704.7999877929688,706.0,704.5499877929688,705.5050048828125,1710117
2026-09-15 17:30:00+00:00,705.39501953125,705.39501953125,705.5700073242188,704.530029296875,704.8099975585938,2716747
2026-09-15 18:30:00+00:00,704.3599853515625,704.3599853515625,705.398681640625,704.1906127929688,705.398681640625,2897204
2026-09-15 19:30:00+00:00,704.5900268554688,704.5900268554688,704.64501953125,703.635009765625,704.3599853515625,4183131
2026-09-16 13:30:00+00:00,709.580078125,709.580078125,710.27001953125,707.6500244140625,708.0599975585938,5707250
2026-09-16 14:30:00+00:00,710.8699951171875,710.8699951171875,711.5499877929688,708.9500122070312,709.5650024414062,2941654
2026-09-16 15:30:00+00:00,710.3499755859375,710.3499755859375,711.8499755859375,709.9299926757812,710.9000244140625,1796257
2026-09-16 16:30:00+00:00,709.6849975585938,709.6849975585938,710.52001953125,709.280029296875,710.3400268554688,1208854
2026-09-16 17:30:00+00:00,709.6651000976562,709.6651000976562,711.6500244140625,708.4500122070312,709.7000122070312,4321244
2026-09-16 18:30:00+00:00,701.8900146484375,701.8900146484375,710.6199951171875,700.0,709.5878295898438,10002375
2026-09-16 19:30:00+00:00,704.75,704.75,705.030029296875,701.655029296875,701.875,5955307
2026-09-17 13:30:00+00:00,715.9600219726562,715.9600219726562,716.6099853515625,713.3200073242188,716.0499877929688,8530926
2026-09-17 14:30:00+00:00,715.8599853515625,715.8599853515625,716.7999877929688,714.5800170898438,715.97998046875,4410247
2026-09-17 15:30:00+00:00,716.8150024414062,716.8150024414062,716.9385986328125,715.6900024414062,715.8599853515625,2290662
2026-09-17 16:30:00+00:00,716.3200073242188,716.3200073242188,717.1599731445312,715.7999877929688,716.8099975585938,2425621
2026-09-17 17:30:00+00:00,716.3300170898438,716.3300170898438,716.8250122070312,716.1119995117188,716.3400268554688,4152880
2026-09-17 18:30:00+00:00,716.530029296875,716.530029296875,716.9500122070312,715.8599853515625,716.3599853515625,4705172
2026-09-17 19:30:00+00:00,716.8699951171875,716.8699951171875,718.0401000976562,716.5050048828125,716.5250244140625,6565502
2026-09-18 13:30:00+00:00,716.7000122070312,716.7000122070312,719.5399780273438,715.89501953125,718.8400268554688,9758801
2026-09-18 14:30:00+00:00,717.25,717.25,717.72998046875,716.1300048828125,716.7050170898438,7298857
2026-09-18 15:30:00+00:00,716.0650024414062,716.0650024414062,717.3800048828125,715.0800170898438,717.239990234375,4297427
2026-09-18 16:30:00+00:00,717.0700073242188,717.0700073242188,717.2899780273438,715.8699951171875,716.0700073242188,3133661
2026-09-18 17:30:00+00:00,717.9500122070312,717.9500122070312,718.1599731445312,716.8510131835938,717.0599975585938,2924433
2026-09-18 18:30:00+00:00,719.1199951171875,719.1199951171875,719.6400146484375,717.8049926757812,717.9799194335938,5926672
2026-09-18 19:30:00+00:00,721.3599853515625,721.3599853515625,721.7249755859375,718.9299926757812,719.1199951171875,7570771
2026-09-21 13:30:00+00:00,734.969970703125,734.969970703125,735.0,727.8200073242188,727.9500122070312,10919067
2026-09-21 14:30:00+00:00,736.5700073242188,736.5700073242188,736.5999755859375,734.5599975585938,734.9749755859375,6231251
2026-09-21 15:30:00+00:00,738.7750244140625,738.7750244140625,739.0,736.4299926757812,736.5850219726562,4401632
2026-09-21 16:30:00+00:00,738.969970703125,738.969970703125,739.3900146484375,738.4299926757812,738.7659912109375,3093923
2026-09-21 17:30:00+00:00,740.5549926757812,740.5549926757812,740.6900024414062,738.5994873046875,738.97998046875,4410556
2026-09-21 18:30:00+00:00,741.75,741.75,741.97998046875,740.1599731445312,740.5599975585938,5385941
2026-09-21 19:30:00+00:00,741.4500122070312,741.4500122070312,743.219970703125,741.25,741.760009765625,6353007
2026-09-22 13:30:00+00:00,745.760009765625,745.760009765625,746.2999877929688,741.0,741.0050048828125,7340123
2026-09-22 14:30:00+00:00,745.0,745.0,746.5999755859375,744.0499877929688,745.7799072265625,5962779
2026-09-22 15:30:00+00:00,744.0650024414062,744.0650024414062,745.1500244140625,743.989990234375,744.9536743164062,4028614
2026-09-22 16:30:00+00:00,745.5900268554688,745.5900268554688,745.6699829101562,744.0900268554688,744.0900268554688,1991605
2026-09-22 17:30:00+00:00,746.5798950195312,746.5798950195312,746.9400024414062,744.8300170898438,745.5900268554688,3453807
2026-09-22 18:30:00+00:00,747.2050170898438,747.2050170898438,747.3300170898438,745.9400024414062,746.5800170898438,3993743
2026-09-22 19:30:00+00:00,747.4650268554688,747.4650268554688,748.3489990234375,747.0900268554688,747.2061767578125,4777587
2026-09-23 13:30:00+00:00,739.0900268554688,739.0900268554688,747.1199951171875,738.1909790039062,746.989990234375,9033862
2026-09-23 14:30:00+00:00,741.3350219726562,741.3350219726562,742.635009765625,738.5800170898438,739.0800170898438,4736350
2026-09-23 15:30:00+00:00,740.1599731445312,740.1599731445312,741.6199951171875,739.9401245117188,741.3309936523438,2366373
2026-09-23 16:30:00+00:00,739.0499877929688,739.0499877929688,740.7999877929688,738.260009765625,740.1749877929688,3728145
2026-09-23 17:30:00+00:00,740.9365234375,740.9365234375,741.3350219726562,738.864990234375,739.0399780273438,4343941
2026-09-23 18:30:00+00:00,740.780029296875,740.780029296875,741.5296020507812,740.219970703125,740.9349975585938,2169423
2026-09-23 19:30:00+00:00,741.1699829101562,741.1699829101562,741.4000244140625,739.77001953125,740.8099975585938,3977067
2026-09-24 13:30:00+00:00,737.8900146484375,737.8900146484375,738.0999145507812,734.630126953125,735.1599731445312,6840578
2026-09-24 14:30:00+00:00,735.1599731445312,735.1599731445312,738.1599731445312,734.9500122070312,737.8699951171875,2795950
2026-09-24 15:30:00+00:00,739.530029296875,739.530029296875,740.77001953125,734.9000244140625,735.1599731445312,4325762
2026-09-24 16:30:00+00:00,740.4600219726562,740.4600219726562,742.6500244140625,738.719970703125,739.5399780273438,3694114
2026-09-24 17:30:00+00:00,740.5650024414062,740.5650024414062,741.0800170898438,737.760009765625,740.47998046875,2100979
2026-09-24 18:30:00+00:00,740.8400268554688,740.8400268554688,741.8099975585938,739.7000122070312,740.5850219726562,2093707
2026-09-24 19:30:00+00:00,741.0599975585938,741.0599975585938,741.8599853515625,740.7800903320312,740.85498046875,4450243
2026-09-25 13:30:00+00:00,740.77001953125,740.77001953125,745.4199829101562,739.6400146484375,742.8400268554688,7982711
2026-09-25 14:30:00+00:00,742.6900024414062,742.6900024414062,744.05810546875,740.489990234375,740.780029296875,4585777
2026-09-25 15:30:00+00:00,745.3099975585938,745.3099975585938,745.9149780273438,740.72998046875,742.7109985351562,4478090
2026-09-25 16:30:00+00:00,745.1928100585938,745.1928100585938,745.489990234375,743.8499755859375,745.3400268554688,2098023
2026-09-25 17:30:00+00:00,744.510009765625,744.510009765625,745.4500122070312,744.0700073242188,745.2000122070312,1562151
2026-09-25 18:30:00+00:00,743.8699951171875,743.8699951171875,745.1300048828125,743.72998046875,744.5399780273438,1988037
2026-09-25 19:30:00+00:00,744.4400024414062,744.4400024414062,745.510009765625,743.3510131835938,743.8699951171875,4729325
2026-09-28 13:30:00+00:00,736.3099975585938,736.3099975585938,741.4199829101562,735.3099975585938,740.4550170898438,7491541
2026-09-28 14:30:00+00:00,734.9251708984375,734.9251708984375,736.6500244140625,731.6300048828125,736.280029296875,8238006
2026-09-28 15:30:00+00:00,739.4337768554688,739.4337768554688,740.3800048828125,734.0499877929688,734.9299926757812,5377399
2026-09-28 16:30:00+00:00,737.8099975585938,737.8099975585938,739.7000122070312,736.64501953125,739.3900146484375,4797187
2026-09-28 17:30:00+00:00,737.9299926757812,737.9299926757812,738.5499877929688,737.51171875,737.7999877929688,2439182
2026-09-28 18:30:00+00:00,737.2999877929688,737.2999877929688,738.6199951171875,736.6807861328125,737.9149780273438,3682486
2026-09-28 19:30:00+00:00,736.5399780273438,736.5399780273438,737.3699951171875,735.8099975585938,737.3099975585938,6613785
2026-09-29 13:30:00+00:00,739.2899780273438,739.2899780273438,740.5798950195312,736.27001953125,740.1699829101562,5668096
2026-09-29 14:30:00+00:00,736.510009765625,736.510009765625,740.0800170898438,736.0,739.3200073242188,3492754
2026-09-29 15:30:00+00:00,737.239990234375,737.239990234375,737.9099731445312,736.2899780273438,736.530029296875,1961663
2026-09-29 16:30:00+00:00,736.8300170898438,736.8300170898438,737.239990234375,735.3400268554688,737.2319946289062,1935137
2026-09-29 17:30:00+00:00,737.6300048828125,737.6300048828125,738.0599975585938,735.4299926757812,736.8200073242188,2642444
2026-09-29 18:30:00+00:00,738.1599731445312,738.1599731445312,739.010009765625,737.1500244140625,737.6500244140625,2220099
2026-09-29 19:30:00+00:00,737.9600219726562,737.9600219726562,738.6500244140625,737.3099975585938,738.155029296875,4949014
2026-09-30 13:30:00+00:00,743.2109985351562,743.2109985351562,744.72998046875,739.760009765625,740.1900024414062,7031242
2026-09-30 14:30:00+00:00,743.8599853515625,743.8599853515625,744.5,742.0999755859375,743.22998046875,2447180
2026-09-30 15:30:00+00:00,743.6823120117188,743.6823120117188,745.0800170898438,743.1900024414062,743.9199829101562,2318147
2026-09-30 16:30:00+00:00,742.3300170898438,742.3300170898438,744.27001953125,741.6900024414062,743.7000122070312,1874278
2026-09-30 17:30:00+00:00,743.3599853515625,743.3599853515625,744.1300048828125,742.3300170898438,742.3699951171875,2274696
2026-09-30 18:30:00+00:00,743.3400268554688,743.3400268554688,743.8599853515625,742.3300170898438,743.3499755859375,3029078
2026-09-30 19:30:00+00:00,739.7000122070312,739.7000122070312,743.9199829101562,739.489990234375,743.3200073242188,6091895
2026-10-01 13:30:00+00:00,738.3699951171875,738.3699951171875,743.9249877929688,736.9099731445312,742.510009765625,9983717
2026-10-01 14:30:00+00:00,738.6699829101562,738.6699829101562,740.8599853515625,736.27001953125,738.22998046875,4557277
2026-10-01 15:30:00+00:00,738.1500244140625,738.1500244140625,738.939697265625,736.5850219726562,738.719970703125,3978877
2026-10-01 16:30:00+00:00,742.6300048828125,742.6300048828125,742.7999877929688,736.9000244140625,738.1599731445312,3495113
2026-10-01 17:30:00+00:00,742.6600952148438,742.6600952148438,744.6699829101562,740.4400024414062,742.6300048828125,5527616
2026-10-01 18:30:00+00:00,742.8400268554688,742.8400268554688,743.8948974609375,742.2100219726562,742.719970703125,2487078
2026-10-01 19:30:00+00:00,742.0399780273438,742.0399780273438,744.07958984375,741.4713745117188,742.8099975585938,3835360
2026-10-02 13:30:00+00:00,754.1599731445312,754.1599731445312,754.530029296875,749.0999755859375,751.3099975585938,10240584
2026-10-02 14:30:00+00:00,749.3328857421875,749.3328857421875,754.3399047851562,747.5349731445312,754.1500244140625,6299735
2026-10-02 15:30:00+00:00,749.5499877929688,749.5499877929688,750.9199829101562,748.52001953125,749.3699951171875,2927148
2026-10-02 16:30:00+00:00,748.0900268554688,748.0900268554688,750.469970703125,747.9500122070312,749.5440063476562,2521701
2026-10-02 17:30:00+00:00,748.75,748.75,749.3699951171875,747.780029296875,747.989990234375,1893215
2026-10-02 18:30:00+00:00,749.1500244140625,749.1500244140625,749.3599853515625,748.3043212890625,748.760009765625,1935053
2026-10-02 19:30:00+00:00,749.25,749.25,749.25,749.25,749.25,0
